Year,State,<1 month,1-5  mos ,6-11 mos ,12-17 mos ,18-23 mos ,24-29 mos ,30-35 mos ,3-4 yrs,5+ years,Total # Children,Missing Data,Mean,Median
2016,Alabama,1.2,51.7,23.3,10.5,2.4,3.8,3.4,2.2,1.6,503,0,9.8,5
2016,Alaska,24.7,26,22.4,12.8,7.7,2.2,0.6,3.2,0.3,312,1,8.4,5
2016,Arizona,0.3,38.1,41.3,12.1,4.2,1.8,1.1,1,0.1,"3,634",20,8.6,7
2016,Arkansas,0.4,33.2,36,16.4,6.9,2.4,0.9,3,0.8,758,0,10.6,8
2016,California,0.7,24.6,38.3,19.9,9.1,3.4,1.9,1.7,0.4,"6,528",14,11.3,9
2016,Colorado,0.2,20.4,42.5,20.8,8.4,2.7,1.4,2.2,1.4,809,30,12.1,9
2016,Connecticut,1.4,36.3,36.9,12.3,2.5,2.5,2,4.1,2,512,17,11.4,7
2016,Delaware,1,34.3,40.4,15.2,6.1,3,0,0,0,99,0,8.5,8
2016,District of Columbia,17.3,48.2,23.6,5.5,0.9,0.9,0.9,0.9,1.8,110,0,6.5,3
2016,Florida,0.5,38.3,33.5,14.6,5,3.4,1.9,2,0.8,"3,505",68,10.2,7
2016,Georgia,0.7,26.9,37.3,17.1,7.9,4.3,1.6,2.7,1.5,"1,094",27,12.2,9
2016,Hawaii,11.9,39.7,30.2,8.7,3.2,1.6,0,0,4.8,126,3,10.3,5
2016,Idaho,0,22.2,45.4,24.9,2.7,2.2,0.5,1.6,0.5,185,0,10.1,8
2016,Illinois,0.2,7.2,35.9,27.4,11.9,5.4,3.9,6.5,1.6,"1,489",57,16.5,13
2016,Indiana,6.7,17.9,29.9,21.7,9.3,5,3,5.3,1,"1,444",92,13.3,10
2016,Iowa,0.2,38.9,41.4,12.2,4.4,1.2,0.4,0.6,0.6,929,63,8.6,6
2016,Kansas,2.2,13.4,34.5,23.2,12.1,4.8,2.2,6.4,1.2,866,4,15,11
2016,Kentucky,0,24.2,45.6,15.7,7.2,3.3,1.6,1.7,0.8,"1,104",0,11.1,8
2016,Louisiana,0.1,57.1,29.6,6.8,2.4,1.2,0.3,1.9,0.6,723,4,7.2,5
2016,Maine,0,7.1,37.9,27.7,15.5,6.6,1.8,2.3,1,393,6,15,13
2016,Maryland,3.3,52.6,23,12.7,3.9,2.2,0,1.7,0.6,361,0,7.8,5
2016,Massachusetts,0.2,16.9,37.9,18.6,9.1,6.5,4.4,5.3,1.1,657,12,14.8,11
2016,Michigan,0.1,10.7,46.4,23.8,7.5,6.3,1.7,2.7,0.8,"1,966",112,13.4,11
2016,Minnesota,0,13.3,42.3,23.7,6.9,6.8,2.2,4,0.7,894,5,13.6,11
2016,Mississippi,0,23.5,42,20.8,5.5,5.8,1.3,0.5,0.8,400,0,11.3,9
2016,Missouri,27.8,43.9,14,7.4,2.3,1.5,1,1.4,0.7,"1,541",50,5.8,3
2016,Montana,9.3,16.7,26.4,23.6,12.8,7,1.6,2.3,0.4,258,2,12.3,10
2016,Nebraska,10,38,29.7,12.7,4,0.8,1.7,2.1,0.8,471,12,8.5,6
2016,Nevada,0.4,44.9,34.8,10.3,3,3,0.5,2.8,0.3,790,6,8.5,6
2016,New Hampshire,2.4,53,24.1,9.6,4.8,6,0,0,0,83,2,7.4,5
2016,New Jersey,1.4,35.2,35.9,13.7,7.3,3.5,1.3,1.6,0.3,"1,179",6,9.9,7
2016,New Mexico,0,15.4,27.5,23,13.4,7.9,3.9,6.9,2,305,1,17.4,13
2016,New York,0.1,21.9,33.5,16.1,11,6.5,4.3,5,1.6,"1,921",62,14.7,10
2016,North Carolina,1.5,35.8,32.5,16.1,7.1,2.8,1.6,1.7,0.9,"1,495",6,10.3,7
2016,North Dakota,0.8,12.9,51.5,18.9,3,6.8,1.5,4.5,0,132,0,12.8,10
2016,Ohio,0.1,14.9,36.4,19.4,12,6.6,3.8,5.2,1.7,"1,447",2,15.7,11
2016,Oklahoma,0.9,38.1,35,12.6,6.3,2.1,1.4,2.3,1.3,"2,477",10,10.3,7
2016,Oregon,1.1,19.7,29.1,20.2,11.4,8.1,3.1,5.8,1.6,743,25,14.9,12
2016,Pennsylvania,0.6,40.9,31.9,17.3,4.9,2.2,0.7,1,0.5,"1,886",31,8.8,7
2016,Rhode Island,70.7,14.9,5.1,2.9,1.8,2.2,0,0.7,1.8,276,3,3.7,0
2016,South Carolina,1.2,25.6,35.6,16.4,7.6,3.9,4.2,4.4,1.2,433,0,13.1,9
2016,South Dakota,0,8.4,17.8,28,17.8,11.2,9.3,0,7.5,107,3,22.9,17
2016,Tennessee,1.6,58.2,19.3,11.2,4.5,3,0.7,1.7,0,"1,075",149,7.4,4
2016,Texas,0.1,22.4,36.8,20,8.6,4.6,2,3.7,1.8,"5,720",3,13.7,10
2016,Utah,3.2,63.3,18.4,5.9,4.8,1.4,1.3,1.1,0.6,630,2,6.9,3
2016,Vermont,0,46.8,37,8.8,1.9,0.9,0.9,2.3,1.4,216,0,8.5,6
2016,Virginia,0,14.6,32.1,23,10.1,10.6,3,4,2.6,623,4,16.3,12
2016,Washington,0.6,37.6,37.2,11,5.5,4.6,0.6,1.8,1,"1,386",1,9.9,7
2016,West Virginia,0,7,50.9,25,8.9,4.1,2,1.3,0.8,929,11,12.8,10
2016,Wisconsin,0.4,49.2,29.5,11.5,4.5,3,0.7,0.9,0.1,667,2,8,6
2016,Wyoming,9.4,60,14.1,5.9,1.2,3.5,1.2,2.4,2.4,85,4,8.4,3
2016,Total,2.1,29.2,35.2,16.9,7.2,3.9,1.9,2.7,1,"56,276",932,11.3,8
2015,Alabama,0.6,50.2,23.2,13.7,4.5,1.6,1,2,3.3,512,0,10.2,5
2015,Alaska,17.4,31.1,25.8,7.8,4.5,5,3.9,4.2,0.3,357,0,9.5,6
2015,Arizona,0.2,32.4,45.8,12.3,4.9,1.8,1,1.4,0.1,3201,35,9.1,7
2015,Arkansas,0.9,32.3,32,17.8,6.5,4.5,2.6,2.3,1.1,740,0,11.8,9
2015,California,0.7,26.4,38.7,19.1,8.1,3.6,1.6,1.6,0.4,6063,16,10.9,9
2015,Colorado,0.3,23,38.2,21.7,8.4,3,1,3.5,0.9,770,50,12.3,10
2015,Connecticut,1.5,34.9,38.9,11.8,5.9,1.1,2.4,2.6,0.9,542,31,12.1,7
2015,Delaware,1.3,44.3,31.6,11.4,5.1,2.5,1.3,2.5,0,79,0,8.9,6
2015,District of Columbia,1.9,61.2,24.3,2.9,3.9,0,0,1.9,3.9,103,3,8.7,4
2015,Florida,0.4,40,32.3,14.1,5.9,2.8,1.6,2.1,0.9,3303,128,10,7
2015,Georgia,0.6,23.6,36.4,19.5,9.4,4.6,2.1,2.4,1.4,863,49,12.4,9
2015,Hawaii,10.2,41.5,26.7,12.5,2.8,4,0,1.7,0.6,176,0,8.7,5
2015,Idaho,0.4,36.8,40.8,9.4,6.3,3.6,0.4,0.9,1.3,223,0,10,7
2015,Illinois,0.2,6.6,30.9,27.8,13.8,8,4.2,6.1,2.4,1760,28,17.8,14
2015,Indiana,10.8,21.5,25.1,20.1,8.9,4.8,3.1,3.6,2.1,1114,38,12.8,10
2015,Iowa,0.4,35.3,42.5,14.7,3.6,1.6,0.7,0.7,0.4,979,38,8.7,7
2015,Kansas,1.5,14.1,34.1,23.3,10.4,7.7,3.2,4.5,1.3,782,1,14.9,12
2015,Kentucky,0.2,24.6,42.8,18.4,6.6,2.5,1.9,2,1,958,3,11.5,9
2015,Louisiana,0.2,40.8,43.4,8.2,3.2,1.7,0.9,1.7,0.2,662,0,8.3,6
2015,Maine,0,11.4,36.7,30.2,9.3,6.5,3.4,2.2,0.3,324,4,13.8,12
2015,Maryland,2.4,64,17.5,5.8,4.1,2.4,2.1,1.4,0.3,292,2,6.9,3
2015,Massachusetts,0.2,21.2,36.3,13.9,9.8,7.7,3.8,5.9,1.3,612,11,14.9,9
2015,Michigan,0.1,10.7,46,26.7,7.4,4,1.8,2.1,1.1,1692,80,13,10
2015,Minnesota,0,17.7,33.9,25.9,10.8,4.8,2.5,3.4,1.1,734,1,14.1,11
2015,Mississippi,0.3,29.5,45.1,15.3,6.2,0.3,1.3,0.6,1.3,308,4,9.8,8
2015,Missouri,30.3,38.5,18.3,6.4,2.4,1.1,0.8,0.9,1.4,1311,46,6.2,2
2015,Montana,11.3,14.6,29.1,23.8,11.6,6.3,2.6,0.3,0.3,302,8,11.4,10
2015,Nebraska,9.3,38.8,27.7,9.9,7.9,1.7,1.6,1.4,1.7,516,17,9.6,6
2015,Nevada,1.3,46.3,31.5,8.9,4.7,1.6,2.3,2.8,0.6,794,5,9.1,6
2015,New Hampshire,2.6,43.1,35.3,9.5,0.9,0.9,3.4,3.4,0.9,116,2,9.8,6
2015,New Jersey,0.8,33.1,36.7,15.1,7.3,3.1,1.6,1.6,0.6,1065,7,10.4,7
2015,New Mexico,0.7,19.5,32.8,18.4,15,4.4,2.7,4.8,1.7,293,2,14.3,11
2015,New York,0.3,20.1,35.3,18.4,9.1,7.9,2.6,4.8,1.6,1885,48,14.4,10
2015,North Carolina,1.8,37.8,32.2,15.6,6.8,2.3,0.8,1.6,1.1,1310,1,9.8,7
2015,North Dakota,0.8,23.5,34.1,19.7,12.9,6.1,2.3,0.8,0,132,1,11.7,10
2015,Ohio,0.2,17.2,31.8,20.5,10.7,7.4,4.8,4.6,2.7,1329,5,16.4,12
2015,Oklahoma,0.6,31.5,36.4,16,6.9,3.9,1.4,2.5,0.8,2145,14,10.9,8
2015,Oregon,0.2,13.2,36.1,23.7,11.1,6.3,4.8,3.8,0.7,819,16,14.6,12
2015,Pennsylvania,0.9,42.9,31.5,15.3,4.8,1.6,1,1.3,0.7,1821,11,9,6
2015,Rhode Island,71.4,16.7,6.2,0,1.4,0,1.4,1,1.9,210,1,4,0
2015,South Carolina,2,32.8,30.1,17.4,7.5,4.7,0.7,2.5,2.2,402,1,12,8
2015,South Dakota,1.7,11.6,26.4,31.4,7.4,5.8,4.1,7.4,4.1,121,0,18.2,13
2015,Tennessee,8.1,52,22.2,10.4,3.6,1.7,0.5,1.1,0.5,1033,80,6.8,4
2015,Texas,0.1,24.5,35.6,19.5,8.4,4.3,2.3,3.2,2.1,5455,2,13.5,9
2015,Utah,2.6,61.8,21.8,5.8,2.5,1.2,1.5,2.2,0.7,689,6,7,4
2015,Vermont,0,34.4,45.5,9,6.9,0.5,0.5,2.6,0.5,189,0,9.1,7
2015,Virginia,0,19.6,31.5,18.4,15,6.8,3.4,4.1,1.1,555,7,17,11
2015,Washington,0.7,42,31.7,12.8,6.8,2.3,1.3,1.6,0.9,1474,10,9.6,6
2015,West Virginia,0.3,8.9,48.9,25.9,8.2,4.8,1.5,0.9,0.7,892,1,12.8,10
2015,Wisconsin,0.5,53.7,29.4,10.6,2.3,1.1,0.5,1.6,0.3,639,4,7.3,5
2015,Wyoming,1.4,45.1,33.8,8.5,2.8,0,4.2,0,4.2,71,3,11.8,6
2015,Puerto Rico,11.1,33.3,33.3,22.2,0,0,0,0,0,9,10,5.9,6
2015,Total,2.2,29.3,34.9,17,7.3,3.7,1.9,2.5,1.1,52726,830,11.4,8
2014,Alabama,2.2,52.2,16.2,12.6,5.5,4.9,0.4,3.6,2.4,548,0,10.7,4
2014,Alaska,18.5,39.2,18.5,11.4,4.9,2.5,1.4,1.9,1.6,367,0,8.7,4
2014,Arizona,0.2,28.1,50.1,13.2,4.1,2.2,0.7,1.2,0.3,3044,46,9.4,8
2014,Arkansas,0.8,38.6,33.2,13.7,5.7,2.3,1.5,2.7,1.5,743,0,10.5,7
2014,California,0.9,26.7,38.7,20.4,7.8,2.6,1.2,1.3,0.4,5443,28,10.5,9
2014,Colorado,0.6,29.1,35.6,17.7,6.4,4.7,0.6,2.9,2.4,717,52,12.8,8
2014,Connecticut,1.4,38.4,37.7,10.5,4.7,2.5,1.2,2.3,1.2,485,21,9.9,6
2014,Delaware,0,34.5,40.5,15.5,1.2,6,0,2.4,0,84,0,9.5,8
2014,District of Columbia,12.5,61.5,11.5,1.9,8.7,0,0,0,3.8,104,3,7.9,3
2014,Florida,0.4,39.2,33.6,13.9,5.6,2.9,1.3,1.9,1.2,3180,87,10.3,7
2014,Georgia,0.8,24.1,37.1,19.2,7.5,5.6,1.6,2.8,1.2,854,33,12.6,9
2014,Hawaii,10.7,32.2,33.1,13.2,2.5,0.8,2.5,1.7,3.3,121,0,11.6,6
2014,Idaho,0.5,32.4,41.7,18.1,4.2,2.3,0,0.9,0,216,2,9.1,8
2014,Illinois,0.6,5.4,27.6,28.4,16.1,8.2,4.9,6.3,2.5,1571,45,18.5,15
2014,Indiana,14.5,21,28.2,14.7,10.7,3.2,2.2,4.7,0.6,801,49,11.5,8
2014,Iowa,0.4,36.4,41.5,13.3,4.1,2,0.1,1.6,0.6,854,24,9,7
2014,Kansas,1.2,9.6,39.7,22.4,12.4,6.8,2.7,1.7,3.5,695,0,15.7,11
2014,Kentucky,0,26.2,41.8,16,7.3,3.9,1.5,2.1,1.3,909,0,11.9,8
2014,Louisiana,0,37.4,41.4,9.7,4.5,3.4,1.4,1.9,0.3,621,1,9.3,7
2014,Maine,0.3,9.1,38.5,31.1,15,2.4,1.7,1.4,0.3,286,9,13,12
2014,Maryland,2.3,64.9,22.6,4.5,2.6,1.1,0.4,0,1.5,265,79,6.5,4
2014,Massachusetts,0,28.7,32.5,8.5,10.2,8.5,6.6,3.5,1.7,579,10,14.5,9
2014,Michigan,0.1,21.1,46.5,17.5,6.2,3.4,1.5,2.4,1.2,2165,19,11.8,9
2014,Minnesota,0.2,14.5,39.8,26.4,7.3,5.5,2.2,3.6,0.6,641,1,13.4,11
2014,Mississippi,0,33.9,40.3,12.5,6.7,3.5,2.6,0.3,0.3,313,1,9.7,7
2014,Missouri,29.4,39.8,15.8,7,2.7,2.3,0.8,1.1,1.2,1257,34,6.5,2
2014,Montana,7.8,9.6,33,30.4,5.7,7.4,2.2,3,0.9,230,4,13,11
2014,Nebraska,12.9,29.2,31.4,12.9,6.2,2.7,2.2,1.6,0.9,449,12,9.3,7
2014,Nevada,0.8,38.8,34.3,10.2,6.7,3,1.8,2.9,1.4,726,3,10.7,7
2014,New Hampshire,4.3,40,33.9,13,2.6,2.6,0.9,1.7,0.9,115,5,8.4,6
2014,New Jersey,0.6,33.7,34.6,13.8,7.5,4.1,2.6,2.1,1.1,1017,7,11.2,7
2014,New Mexico,0.6,19,33.7,18.7,11.1,7.3,5.1,3.5,1,315,0,14.3,11
2014,New York,0.4,21.4,34.4,19.4,10.2,4.8,2.5,4.8,2,1957,40,14.2,10
2014,North Carolina,1.4,37.3,34.4,14.7,4.3,3.1,0.7,3.2,0.8,1173,3,10.2,7
2014,North Dakota,1.1,8.5,45.7,26.6,6.4,6.4,3.2,1.1,1.1,94,2,12.7,11
2014,Ohio,0.1,21.4,35.3,18.2,9.6,5.3,3.3,4.8,1.9,1406,0,14.5,10
2014,Oklahoma,1.2,23.4,39.9,19,6.3,4.8,2,2,1.4,1365,17,12,9
2014,Oregon,0.1,8.6,38,23.8,13.4,7.5,3,4,1.5,841,6,15.7,12
2014,Pennsylvania,0.6,39.5,38.5,12,4.1,1.6,1.5,1.8,0.3,1826,23,8.8,7
2014,Rhode Island,63.7,22.4,6,2.5,1.5,2,0.5,1,0.5,201,1,3.2,0
2014,South Carolina,1.1,37.2,29.4,13.5,7.8,3.6,1.1,3.4,2.9,446,3,12.3,7
2014,South Dakota,0,21.4,28.9,24.5,10.1,5.7,3.1,4.4,1.9,159,0,15.1,11
2014,Tennessee,13.3,54.6,18.7,7.3,3.4,1.5,0.5,0.5,0.1,1110,51,5.6,3
2014,Texas,0,20.1,34.2,20.5,10.2,5.1,3.2,4,2.7,5214,7,15.1,11
2014,Utah,3.2,58.6,21.8,6.5,2.8,1.8,2.5,2.2,0.7,602,3,7.5,4
2014,Vermont,0,53,33.5,7.9,1.2,2.4,0,1.2,0.6,164,0,7.4,5
2014,Virginia,0,16.9,37.5,23.9,11.9,3.6,2.4,3.1,0.8,616,16,15.8,11
2014,Washington,0.7,39,31.6,16.6,5.3,2.9,0.9,2.5,0.5,1359,3,9.9,7
2014,West Virginia,0.7,9.1,47.8,25.9,8,4,1.8,1.8,0.9,849,3,13.1,11
2014,Wisconsin,0.4,55.6,27,9.1,3.2,2.6,0.8,1.1,0.3,729,6,7.5,5
2014,Wyoming,15.1,46.6,12.3,9.6,4.1,5.5,2.7,1.4,2.7,73,2,9.2,3
2014,Puerto Rico,36.4,0,0,9.1,27.3,0,18.2,9.1,0,11,0,16.7,19
2014,Total,2.4,28.7,35.5,16.7,7.3,3.8,1.9,2.6,1.2,49910,761,11.5,8
2013,Alabama,1.4,37.1,27.5,15.1,5.8,4.3,1.5,4.4,2.9,517,1,12.6,8
2013,Alaska,14.3,36.3,22.6,10.7,5.5,4.9,1.5,2.4,1.8,328,0,10.1,5
2013,Arizona,0.3,30.4,48.3,13.2,4.5,1.4,1,0.6,0.4,2510,12,8.9,7
2013,Arkansas,0.4,36.6,34.3,13.3,3.6,4.2,2.7,3.8,1,691,0,11.1,8
2013,California,0.6,28.5,37.8,20,6.6,2.6,1.5,1.8,0.5,5526,15,10.8,8
2013,Colorado,0.1,21.1,34.5,18.4,11.4,4.7,1.9,4.3,3.5,743,39,15.3,11
2013,Connecticut,0.8,36.4,40.5,11.4,3.8,2.3,1.5,2.3,0.8,472,25,9.6,7
2013,Delaware,0.9,41.1,24.1,10.7,10.7,3.6,0,5.4,3.6,112,0,12.1,6
2013,District of Columbia,9.3,68.2,11.2,1.9,0,3.7,0,2.8,2.8,107,3,7.7,3
2013,Florida,0.3,41.7,31.5,12.4,5.7,2.3,1.3,2.8,2,3363,54,10.8,6
2013,Georgia,0.5,31.8,36.6,11.8,6.9,4.4,2.5,4.5,1,1000,31,11.9,8
2013,Hawaii,2.5,42.8,19.5,20.1,3.1,3.1,1.3,3.1,4.4,159,1,12.7,7
2013,Idaho,0.5,47.6,32.5,7.3,6.3,1.9,0,1.5,2.4,206,0,9.9,6
2013,Illinois,2.3,6.7,30.7,25.2,12.8,8.7,4.1,7.3,2.3,1321,35,17.8,14
2013,Indiana,10.8,23.9,25,17.4,7.8,3.9,2.9,5.8,2.5,877,84,13.5,9
2013,Iowa,0.3,37.9,43.5,10.9,3.4,2,0.7,0.7,0.6,881,36,8.7,7
2013,Kansas,0.1,15.3,34.9,20.9,13.4,7.7,2.8,3.7,1.2,674,0,14.8,11
2013,Kentucky,0.4,29.4,38.8,15.9,5.8,3.1,2.4,3.1,1.1,797,0,11.5,8
2013,Louisiana,0,22.8,45.8,16.3,7,4,2.5,0.5,1.1,731,0,11.2,8
2013,Maine,0,7.7,40.7,32.5,9.1,5.3,2.4,2.4,0,209,5,13.3,12
2013,Maryland,3.1,61.5,15,10.8,1.9,1.5,1.2,1.9,3.1,260,95,9.8,4
2013,Massachusetts,0,24.1,33.1,14.7,7.5,5.4,4.9,6.7,3.5,791,8,16.3,10
2013,Michigan,0.1,19.8,40.7,21.2,6.9,3.4,2.7,3.7,1.5,2363,11,13.1,10
2013,Minnesota,0,13.6,39.5,24.1,7.2,5,4.7,4.8,1,580,3,14.4,11
2013,Mississippi,1.1,39.8,27.6,13.1,4,6.8,3.4,3.4,0.9,352,0,11.4,7
2013,Missouri,30.9,40.5,15,6.9,2.6,0.4,0.9,0.7,2,1214,19,6.6,3
2013,Montana,3.8,14.1,33.3,22.4,9,7.7,5.1,1.9,2.6,156,9,14.7,11
2013,Nebraska,14,41.9,23.9,12,3.5,2.1,0.7,1.4,0.5,573,13,7.5,5
2013,Nevada,1,31.1,37.7,13,8.7,2.8,2,2.9,0.8,714,15,11.3,8
2013,New Hampshire,0,48.6,41,3.8,3.8,0,0,1.9,1,105,5,7.2,6
2013,New Jersey,1.4,30.1,36.3,12.9,9,5.8,2,1,1.4,919,8,11.6,8
2013,New Mexico,1,27.7,26.1,19.4,13.9,3.2,2.3,4.8,1.6,310,0,14,11
2013,New York,0,24.1,31.4,17.4,11.3,5.8,2.8,5,2.1,2149,35,14.7,10
2013,North Carolina,3.4,37.5,32.1,14.7,4.4,2.6,1.9,2.5,1,1221,1,10,7
2013,North Dakota,0,24.5,40.2,27.5,2,1,2.9,2,0,102,2,10.7,9
2013,Ohio,1.1,28.2,33.8,16.7,7.9,3.5,3.3,3.2,2.3,1242,2,13.1,9
2013,Oklahoma,2.9,27.1,36.6,15.1,6.4,3.2,2.4,3.9,2.4,1280,6,12.6,8
2013,Oregon,0,5,35.9,29.7,16.5,6.5,3.4,2,1,764,4,15.4,13
2013,Pennsylvania,0.8,41.5,36.8,11.6,3.9,2.3,1.2,1.4,0.6,1885,7,8.8,7
2013,Rhode Island,70.8,13.7,5,2.5,0.6,1.9,0.6,1.9,3.1,161,1,5.2,0
2013,South Carolina,2.8,35.2,29.1,12.9,5.7,3,4.2,5.1,2,505,1,12.1,7
2013,South Dakota,1.7,11.4,33.1,26.9,11.4,6.9,2.9,3.4,2.3,175,2,16.2,12
2013,Tennessee,11.6,56.4,17.5,8.1,3.7,1.1,0.7,0.8,0.1,1113,46,5.8,3
2013,Texas,0,19.5,34.8,20.2,10.5,5.1,2.9,4.5,2.6,5439,4,15.2,11
2013,Utah,8.1,63.2,17.2,6.4,1.7,0.7,0.2,1.9,0.7,581,6,6,3
2013,Vermont,0,52,35.8,8.4,2.2,0,0.6,0.6,0.6,179,0,7,5
2013,Virginia,0,18.7,30.7,20.8,13.3,6.9,3,4.7,2,707,2,15.2,12
2013,Washington,0.8,37,34.5,14.5,5.6,2.8,2.2,2.3,0.3,1323,5,9.9,7
2013,West Virginia,0.2,6.6,38.3,32.7,12.6,5,2.3,1.7,0.6,866,11,13.9,12
2013,Wisconsin,0.6,52,28.2,10.2,4.3,2.7,0.8,0.6,0.5,783,17,8,5
2013,Wyoming,9.3,64,9.3,10.5,4.7,1.2,1.2,0,0,86,0,5.2,3
2013,Puerto Rico,10.5,5.3,0,21.1,15.8,10.5,5.3,21.1,10.5,19,0,27.9,23
2013,Total,2.4,29.6,34.1,16.5,7.2,3.6,2.1,3,1.5,50141,679,11.8,8
2012,Alabama,1.2,31.3,28.9,15.1,10.2,4.6,2.1,4.3,2.2,581,6,13.3,9
2012,Alaska,8.1,33.7,22.7,11,12.6,3.2,3.6,2.9,2.3,309,0,16,7
2012,Arizona,0.4,27.8,49.8,12.4,3.9,1.9,0.8,1.9,1.1,2264,11,10,7
2012,Arkansas,0.6,27.5,36.4,19.5,6.7,3.4,1.7,3.1,1.1,703,0,12.1,9
2012,California,0.8,25.3,38.2,20.4,6.6,3.5,1.9,2.5,0.9,5916,22,11.6,9
2012,Colorado,0.5,22.5,33.3,16.1,8,7.2,2.5,7.9,2.1,865,40,15.3,10
2012,Connecticut,0.7,42.8,31.8,10.3,5.5,3.1,1.8,2.4,1.8,456,34,10.4,6
2012,Delaware,0,39.6,31.9,14.3,6.6,4.4,1.1,2.2,0,91,0,9.8,8
2012,District of Columbia,5.3,54,22.1,5.3,5.3,2.7,2.7,0,2.7,113,1,9.3,5
2012,Florida,0.3,38.5,33.6,12.8,4.8,3.5,1.5,2.9,2.1,3263,31,11.3,7
2012,Georgia,0.2,34,28.5,17.4,8.6,4.1,2.5,3.7,0.9,870,45,11.9,8
2012,Hawaii,2.7,25.1,42.8,13.9,5.3,1.6,2.7,2.1,3.7,187,0,12.4,8
2012,Idaho,0.7,33.3,43.2,11.4,2.6,3.7,1.8,2.9,0.4,273,0,9.9,8
2012,Illinois,5,5.4,22.7,29.5,13.6,8.7,4,8.5,2.5,1790,13,18.6,15
2012,Indiana,11.2,28.1,25,16.2,6.7,4.4,2.5,4.9,0.9,1677,36,11.5,8
2012,Iowa,0.5,38.9,38.1,12,4.7,2.2,0.9,1.5,1.3,1001,31,10,7
2012,Kansas,0.8,15.9,37.2,19.1,10.5,4.9,5.4,4.9,1.4,761,3,14.9,11
2012,Kentucky,0.4,28.8,34.4,18,7.5,4.7,1.8,3.3,1,784,0,11.7,9
2012,Louisiana,0,13.9,46.7,22,11.6,3.4,0.8,1.4,0.3,655,0,11.9,10
2012,Maine,0,10.8,33.9,25.5,14,3.8,3.8,5.6,2.4,286,5,16.8,13
2012,Maryland,2.1,57.9,21,6.6,4.8,1.4,1.4,1.7,3.1,290,165,10.1,4
2012,Massachusetts,0.4,21.7,30,15.9,10.8,7.1,5.2,6.6,2.3,747,7,16,11
2012,Michigan,0,13.7,40.2,19.8,11,5.2,3.9,4.8,1.4,2547,12,14.8,11
2012,Minnesota,0,12.2,35.5,23.1,9.3,6.6,5.2,6.8,1.4,516,4,16,12
2012,Mississippi,0,34.5,26,18.2,7.8,5,0.9,5.7,1.9,423,2,13,9
2012,Missouri,30.5,35.2,16.4,8.7,2,1.2,1.2,2.4,2.5,1217,11,8,3
2012,Montana,8.3,15.3,37.5,13,7.4,6.5,2.8,6.5,2.8,216,9,15,10
2012,Nebraska,10.2,40.4,22.3,12.6,7,3.1,0.5,3.6,0.2,413,4,8.9,5
2012,Nevada,0.4,26.7,36.2,16.2,8.6,3.2,2.5,4.9,1.3,757,19,12.8,9
2012,New Hampshire,5.4,55.4,12,13,3.3,4.3,2.2,4.3,0,92,4,8.8,4
2012,New Jersey,1.7,35.7,33.8,12.6,7.3,4,1.4,2.1,1.5,1015,8,11,7
2012,New Mexico,0.3,17.7,31.3,20,10.1,8.1,3.5,8.7,0.3,345,0,15.3,12
2012,New York,0.5,19.9,30.8,19.1,10.9,5.8,3.9,6,3.1,2162,20,16.6,11
2012,North Carolina,3.1,38.9,32.5,15.4,3.6,2.3,1,2.5,0.8,1328,1,9.3,7
2012,North Dakota,1.3,19.4,51,15.5,4.5,4.5,1.3,1.9,0.6,155,0,11,9
2012,Ohio,1.4,23.8,32.2,18.3,8.3,5.4,3.4,5.1,2.1,1250,0,14.2,10
2012,Oklahoma,2,25.6,34.6,15.9,8.2,5.2,2.9,3.3,2.4,1531,2,13.4,9
2012,Oregon,0.1,5.3,31.9,34.6,15.4,5.9,2.8,3.1,1,683,0,15.5,13
2012,Pennsylvania,1.3,36.3,38.9,13.7,4.8,1.9,1.1,1.1,0.9,1862,19,9.5,7
2012,Rhode Island,65.4,15.4,6.4,2.7,3.7,1.1,1.6,3.7,0,188,3,4.4,0
2012,South Carolina,2.6,38.5,30.7,8.4,4.8,3.7,3.4,6.1,1.9,776,0,12.1,6
2012,South Dakota,0.8,12,26.4,28.8,19.2,4.8,3.2,3.2,1.6,125,1,15.7,13
2012,Tennessee,10.1,57.5,16.3,7.4,3.8,1.8,1.2,1.4,0.5,772,41,6.4,3
2012,Texas,0,19.5,34.7,19.9,9.9,5.5,2.9,5.2,2.5,5035,4,15.3,11
2012,Utah,5.9,59.3,18.9,6.6,3,1.2,0.5,4.1,0.5,562,0,7.4,3
2012,Vermont,0.6,63.2,22.8,6.4,2.9,0,1.2,1.8,1.2,171,1,7.1,4
2012,Virginia,0.3,19.1,37,17.4,8.9,6,3.2,4.5,3.6,619,20,15.9,10
2012,Washington,2,40,31.4,10,6,3.1,2.5,3.2,1.8,1221,6,11.3,6
2012,West Virginia,0.3,3,37.5,34.1,13.4,5.3,2.1,2.9,1.4,627,5,15.4,13
2012,Wisconsin,1.6,43.3,36.6,11.9,4.2,0.9,0.4,0.5,0.5,741,20,7.8,6
2012,Wyoming,7.4,66.7,9.9,4.9,4.9,1.2,0,3.7,1.2,81,0,8.3,4
2012,Puerto Rico,11.1,13.3,28.9,17.8,6.7,6.7,2.2,6.7,6.7,45,2,18.1,11
2012,Total,2.6,27.2,33.6,17,7.6,4.2,2.3,3.8,1.6,51357,668,12.6,9
2011,Alabama,2,27.3,28.7,15.8,10.8,5,4.3,5.4,0.7,443,4,13.7,9.7
2011,Alaska,14.4,30.8,22.6,12,7.2,3.4,2.1,4.1,3.4,292,2,12.4,7
2011,Arizona,0.1,24.4,50.6,14.7,4.3,2.7,1.1,1.6,0.6,2269,6,10.7,8.5
2011,Arkansas,0.7,25.7,37.4,16.2,8.1,3.2,3.2,3.7,1.7,591,0,13.7,9.9
2011,California,0.8,24.7,37.2,19,7.3,3.9,2.8,3.4,0.9,5698,12,12.9,9.9
2011,Colorado,0.3,24.1,27.4,17.7,8.8,8.4,4.9,7.1,1.2,893,41,15.9,11.5
2011,Connecticut,0.4,43.9,28.8,11.1,6.8,3.5,1.4,2.1,2.1,570,37,11.8,6.6
2011,Delaware,3.2,23.2,31.6,15.8,7.4,8.4,5.3,5.3,0,95,0,13.7,9.9
2011,District of Columbia,7.6,46.7,15.2,6.7,8.6,1.9,3.8,9.5,0,105,1,11.5,5.6
2011,Florida,0.8,35,34.3,11.5,7,3.5,2.3,3.4,2.2,2923,22,12.6,8
2011,Georgia,0.8,29.3,34.2,15.1,9,3.7,1.4,4.9,1.6,1055,16,13.4,9.2
2011,Hawaii,6.1,23,35.7,13.8,7.7,3.1,2.6,4.6,3.6,196,2,16,8.9
2011,Idaho,0,23.6,44.4,17.4,7.7,1.9,1.5,2.7,0.8,259,0,11.8,9.1
2011,Illinois,2.3,3.9,29.3,26.5,17.3,8.4,3.2,6.4,2.8,1194,23,18.9,14.5
2011,Indiana,9.8,24.6,29.5,14.2,9.2,4.6,3.1,3.8,1.2,1554,2,12.4,8.9
2011,Iowa,0.2,34.3,38.5,13.1,6.8,2.7,1.5,1.7,1.3,826,38,10.9,7.5
2011,Kansas,0.3,8.7,38.1,22.3,12.3,9,3.9,3.9,1.5,779,2,16.4,12.6
2011,Kentucky,0.1,25.4,42.6,15.3,6.6,3.3,1.5,3.6,1.7,824,0,12.8,9
2011,Louisiana,0,19.2,47.6,18.9,7.8,2.5,1.6,1.7,0.8,641,0,11.8,9.4
2011,Maine,0,11.2,36.9,26.8,13.6,2.7,3.4,4.4,1,295,1,15.3,12.1
2011,Maryland,3.6,53.6,22.7,8.6,4.7,1.1,1.8,2.9,1.1,278,261,9.1,5.2
2011,Massachusetts,0,18.4,31.5,16,11.6,8.2,5.3,6.8,2.2,718,6,16.9,12
2011,Michigan,0,7.8,38.7,22.6,12.8,6.6,4.4,5.2,2,2500,6,17.2,12.6
2011,Minnesota,0,11.2,29,25,14.9,8.2,4.4,5.2,2.1,572,8,17.7,14.7
2011,Mississippi,0.3,29.4,32.5,19,6.7,6.2,3.6,2.2,0,357,1,12,8.9
2011,Missouri,33.3,35.7,14.4,7.9,2.7,1.9,1.1,1.7,1.3,1203,9,7,3.2
2011,Montana,4.1,11.9,37.6,19.3,5.5,10.1,5.5,4.1,1.8,218,20,15.6,11.4
2011,Nebraska,12.5,35.3,24.5,11,5.8,4.8,3,2.8,0.5,400,13,10.3,6.3
2011,Nevada,0.1,12.1,34.7,25.1,14.5,6.4,2.1,4.2,0.9,816,5,15.1,12.5
2011,New Hampshire,9.2,44.7,24.8,6.4,7.1,0.7,3.5,2.8,0.7,141,3,9.4,5.5
2011,New Jersey,2,37.5,29.5,13.1,7.8,4.3,2.1,2.4,1.3,1078,11,11.9,7.6
2011,New Mexico,0.6,22.8,25.9,20.5,9.7,10.5,6.3,3.4,0.3,351,0,14.9,12.2
2011,New York,0.3,20,32.5,17.8,10.8,7,3.2,6.1,2.2,2200,14,16.1,11.2
2011,North Carolina,5.8,37.2,30.5,12.6,5.7,2.7,2.1,2.1,1.3,1461,2,10.5,7
2011,North Dakota,0,30.2,31.9,20.7,11.2,2.6,1.7,0,1.7,116,3,11.6,8.7
2011,Ohio,0,18.9,30,18.6,10.9,8,5.4,6.7,1.5,1408,12,16.8,12.4
2011,Oklahoma,2.1,15.9,33.9,20,9.8,5.5,4.5,6.9,1.5,1293,1,15.6,11.7
2011,Oregon,0.5,19.9,28.4,23.6,11.6,8.3,3.5,3.1,1.2,649,8,14.9,12.5
2011,Pennsylvania,1.1,36.4,37.1,16.4,4.9,1.6,0.7,1.4,0.4,1990,23,9.5,7.7
2011,Rhode Island,63.7,16.9,5,3,2.5,4.5,1.5,2.5,0.5,201,0,5.1,0
2011,South Carolina,2.2,27.6,32.2,18.1,6.1,5.8,3.2,3.2,1.5,587,1,13.3,9.7
2011,South Dakota,2.4,10.1,32.1,25,13.1,10.1,1.8,4.8,0.6,168,0,16.2,13.9
2011,Tennessee,7,55.2,18.5,9.3,4.7,2.2,0.8,1.5,0.7,718,54,7.8,4.4
2011,Texas,0,17.9,33,19.7,10.2,5.8,3.6,6.3,3.5,4716,2,17.3,11.9
2011,Utah,5,67.2,15.6,5.9,1,1.2,0.2,2.1,1.7,577,0,7.2,3.4
2011,Vermont,0,50,29.9,6.7,6,3.7,0,0.7,3,134,0,10.2,6
2011,Virginia,0.3,16.5,30,18.3,12.8,7.9,3.7,6.9,3.7,734,21,18.1,13.1
2011,Washington,2,36.8,27.5,15.8,6.9,3.9,2,3.9,1.2,1572,11,12,7.7
2011,West Virginia,0,2.3,28,33.7,18.1,10.2,2.2,4,1.6,697,1,17.9,15.2
2011,Wisconsin,1.3,50.6,29,10,3.6,2,0.7,2.3,0.6,701,16,8.5,5.7
2011,Wyoming,8.3,44.4,25,15.3,5.6,0,1.4,0,0,72,1,7.3,5.5
2011,Puerto Rico,27.3,16.4,18.2,5.5,18.2,0,1.8,3.6,9.1,55,1,24.8,7.8
2011,Total,2.6,25.3,33.1,17.1,8.6,4.8,2.8,4,1.6,50183,723,13.6,9.7
2010,Alabama,1,23.1,29.9,19.4,8.5,6.5,4.7,5.6,1.3,602,4,14.9,11.4
2010,Alaska,19.6,24.7,20.5,11.1,8.4,5.4,3.9,4.8,1.5,332,4,12.2,7.8
2010,Arizona,0.2,21.7,50.4,17,5,1.8,1.3,2.1,0.6,2035,10,11.1,8.8
2010,Arkansas,1,29.5,33.2,12.2,10.4,3.7,4,3.9,2.2,597,0,13.9,9.4
2010,California,0.9,24.5,34.6,19.9,8.9,4.3,2.4,3.4,1.1,6449,10,13.3,10.3
2010,Colorado,0.3,24.3,30.5,13.4,9.5,9,4.6,6.9,1.5,943,40,15.7,10.9
2010,Connecticut,0.6,41,31.4,11.6,5.1,4.8,1.3,3.2,1,622,43,11.3,7.1
2010,Delaware,0,34.3,31.3,14.9,9,7.5,1.5,1.5,0,67,0,11.4,8.8
2010,District of Columbia,5.4,51.9,14.7,10.1,1.6,1.6,8.5,5.4,0.8,129,0,11,5.5
2010,Florida,1.4,30.9,32.2,15.7,7.5,4.3,2.7,3.5,1.8,3251,140,13.1,8.7
2010,Georgia,0.6,23.2,35.2,15.1,10.5,5.8,2.8,5.2,1.6,1105,91,14.5,10
2010,Hawaii,7.7,28,27.5,12.6,6.3,7.7,2.9,5.3,1.9,207,9,14.5,8.2
2010,Idaho,0,23.6,35.8,18.2,6.4,7.3,2.6,5.4,0.6,313,0,13.6,10
2010,Illinois,4.3,9.3,32.9,25.7,11.8,6.9,3.1,4,2,1209,5,15.7,12.6
2010,Indiana,8.9,26.2,30.3,15.5,8,4.5,1.8,3.8,1,1457,1,11.6,8.5
2010,Iowa,0.6,39.6,34.7,12.8,4.8,2.8,1.3,1.8,1.6,790,11,11.1,7.2
2010,Kansas,0.6,12.8,36.2,25.1,11.4,6.1,2.3,3.9,1.7,694,0,15.4,12.2
2010,Kentucky,0.3,27.9,36.6,14.5,6.5,3.4,3.1,5.3,2.5,754,0,14.2,9
2010,Louisiana,0.3,21.1,42,15.3,10.1,4.4,2.5,3.3,1.1,641,0,13.3,9.2
2010,Maine,0,12.5,38.8,23.1,11.7,5.1,1.5,4.4,2.9,273,3,16.4,11.9
2010,Maryland,2.6,49.1,27.2,9.1,4.2,2.6,1.9,2.6,0.8,265,379,9.5,5.7
2010,Massachusetts,0.4,22.5,31,17.2,8.1,7.3,5,6.6,2.1,717,8,15.9,11.3
2010,Michigan,0.1,6.3,36.8,25.5,12.5,6.7,3.8,6,2.2,2583,14,17.7,13.2
2010,Minnesota,0,8.2,34.2,22.2,14.6,9,4,7.4,0.5,625,2,17.4,13.8
2010,Mississippi,1.7,43.9,31,11,5.4,3.1,1.4,2,0.6,355,0,10,6.4
2010,Missouri,29.4,33.8,18,7.6,3.8,1.7,1.9,1.7,2,1155,15,8.6,3.7
2010,Montana,14.2,18.9,36.8,17.9,2.6,2.6,0,3.2,3.7,190,1,12.7,8.6
2010,Nebraska,5.9,34.6,34,12.8,5.6,2.9,1.6,2.1,0.5,376,61,10,7.3
2010,Nevada,0.2,13.8,34.2,20,12.2,6.7,3.6,7.8,1.6,640,4,16.9,12.5
2010,New Hampshire,12.4,45.3,21.2,7.1,7.1,2.9,1.2,0.6,2.4,170,3,8.9,5.1
2010,New Jersey,3.1,37.3,25.2,14.7,9.1,4,2,2.2,2.3,1248,27,12.5,7.6
2010,New Mexico,0,24.8,34,16.9,8.8,8.3,2.4,4,0.7,420,0,13.8,10.4
2010,New York,0.2,17,33.5,19.2,10.9,5.2,3.4,6.6,3.9,2118,87,17.9,11.9
2010,North Carolina,4.4,34.2,32.2,13,7.7,2.9,2,2.4,1.2,1614,1,11.1,7.9
2010,North Dakota,0,15.9,42,22.5,7.2,5.8,2.2,4.3,0,138,7,13.2,9.9
2010,Ohio,0.1,18.9,35.4,19.2,8.5,6.4,4.5,5,2,1429,9,16.1,11.2
2010,Oklahoma,2.4,18.6,34.4,20.2,9.1,4.8,4.2,5,1.2,1625,3,14.5,10.8
2010,Oregon,0.5,27.5,31,22.6,7.9,4,3,2.5,1,771,9,12.8,10.5
2010,Pennsylvania,1,35.5,38.4,14.7,4.6,2.3,1.2,1.7,0.6,2310,55,10,8
2010,Rhode Island,61,18.7,5.5,3.3,1.1,2.7,4.4,2.7,0.5,182,2,5.6,0
2010,South Carolina,0.8,19.9,40,19,6.3,4.7,3.2,4,2.1,527,2,14.3,9.9
2010,South Dakota,0,17.3,24.8,18,21.1,6.8,4.5,6,1.5,133,0,17.2,12.8
2010,Tennessee,16.5,48.7,17.9,8.7,3.5,1.2,1.2,1.9,0.4,939,33,6.9,3.3
2010,Texas,0.1,14.4,30.7,21.7,12.4,6.4,4.5,7.5,2.3,4663,46,17.8,13.1
2010,Utah,3.5,60.7,21.8,5.4,3.7,1,1.2,1.9,0.7,573,1,7.4,4.3
2010,Vermont,3.1,52.8,28.6,6.8,4.3,0.6,0,3.1,0.6,161,0,8.4,5.6
2010,Virginia,0.1,12.9,29.2,17.5,15.7,9,5.5,7,3.1,713,34,18.7,14.2
2010,Washington,1.5,29.5,34,15.5,8.1,4.5,2.7,3.4,0.7,1628,5,12.1,8.8
2010,West Virginia,0.2,2.4,29.2,31.8,18.2,8.2,4.1,5.1,0.9,661,1,17.8,15.5
2010,Wisconsin,0.8,50.9,29.4,11.7,3.5,2.1,0.5,0.5,0.5,745,10,8,5.8
2010,Wyoming,18.1,44.4,22.2,5.6,4.2,1.4,1.4,1.4,1.4,72,3,8.1,4.6
2010,Puerto Rico,19.5,8,24.8,16.8,3.5,5.3,3.5,12.4,6.2,113,3,21.2,11.3
2010,Total,2.7,24.6,33,17.6,8.7,4.8,2.9,4.2,1.6,52329,1196,13.7,9.9
2009,Alabama,1.3,14,30.3,20.5,11.3,7.3,3.5,8.4,3.4,620,18,18.5,12.7
2009,Alaska,18.5,20.1,29.5,14,5.8,2.4,2.1,5.5,2.1,329,0,12.5,7.6
2009,Arizona,0.2,22.5,46,15.3,6.5,4.9,1.1,2.9,0.7,1688,18,11.9,9
2009,Arkansas,0.5,23,30.7,24.7,7.5,5,3,4.2,1.5,600,1,14.1,11.3
2009,California,0.4,18.8,36.9,21,10.6,5.2,2.9,3.3,1,7413,25,14,10.8
2009,Colorado,0.4,26.6,29.1,16.3,11.6,8.1,3.8,2.6,1.4,1043,24,14.2,10.5
2009,Connecticut,1.3,40.9,32,11.9,5.4,4.1,1.1,2.1,1.3,707,61,10.6,6.9
2009,Delaware,4,28,34.4,13.6,8.8,6.4,1.6,3.2,0,125,0,11.6,9.4
2009,District of Columbia,6.8,35,24.3,13.6,8.7,1.9,3.9,5.8,0,103,0,11.5,7.7
2009,Florida,0.8,32.8,32.9,16.6,6.4,3.5,2.6,2.6,1.8,3586,149,12.3,8.7
2009,Georgia,0.9,26.6,32.7,16.9,9.4,4.8,3.2,4.2,1.3,1355,42,13.8,9.6
2009,Hawaii,1.1,31.2,30.8,13.9,8.6,3.8,2.6,6.4,1.5,266,13,14.1,9.9
2009,Idaho,0.6,11.6,28.9,22.4,15,9.9,5.7,4.8,1.1,353,0,16.8,13.4
2009,Illinois,3.6,9.7,35.6,21.7,11.5,6.4,3.7,5.8,2,1427,2,16.5,12.3
2009,Indiana,9.5,28.1,27.6,13.8,8.1,5,3.1,3.9,1,1472,12,12.3,8.3
2009,Iowa,0.2,33,40,14.9,6.3,2.9,1,0.9,0.7,958,9,10.6,7.8
2009,Kansas,0.4,15,37.7,21.6,10.2,4.3,3.1,6.3,1.4,835,1,15.4,11.5
2009,Kentucky,0,24.2,34.1,20.7,7,4.6,3.4,5.1,0.8,842,0,13.8,10.2
2009,Louisiana,0.5,15.2,43.6,23.5,10.7,2.1,1.2,2.4,0.7,578,0,12.7,9.9
2009,Maine,0.3,11.3,44.7,21.3,12.5,2.8,1.6,4.1,1.6,320,3,14.8,11.2
2009,Maryland,4.8,32.5,29,19,6.5,2.6,1.7,1.3,2.6,231,503,11.8,8
2009,Massachusetts,0.3,25.3,27.4,18.9,11.9,6.1,4.2,4,1.9,782,8,14.9,11.2
2009,Michigan,0.2,7.2,36.4,24.7,13.2,5.1,4.4,6.7,2.2,3200,9,17.6,13.3
2009,Minnesota,0.2,12.7,34.1,23.5,11.8,7.2,4.9,4.3,1.2,651,9,16.4,12.5
2009,Mississippi,0.3,35.3,34.6,14.7,7.5,4.9,2,0.3,0.3,306,0,10.3,7.6
2009,Missouri,26.4,36.1,17,9.3,4.1,1.1,1.7,1.9,2.3,1140,25,8.8,3.9
2009,Montana,5.2,26,32.8,15.1,7.8,2.1,1,4.7,5.2,192,0,15.9,8.4
2009,Nebraska,13.6,38.6,26.8,10.9,4.1,2.5,1.1,2,0.5,560,28,8.5,5.6
2009,Nevada,0,12.8,25.4,24.9,12,8.2,4.6,10.1,1.9,523,2,18.7,14.6
2009,New Hampshire,8.3,41.4,28.6,11.3,6,0.8,0.8,0.8,2.3,133,2,9.4,6
2009,New Jersey,3.1,25.3,31.5,16.7,9.8,2.9,1.8,4.8,4,1302,46,15.1,9.4
2009,New Mexico,0.7,22.9,32.7,20.6,11,5.3,3.9,1.6,1.4,437,0,14,11.1
2009,New York,0.3,17,33.4,16.8,10.4,7.9,4,6,4.2,2340,58,18.1,11.9
2009,North Carolina,1.9,37.2,33.3,11.8,6.3,4.1,1.9,3,0.6,1722,3,10.6,7.5
2009,North Dakota,0,17.3,51.8,13.7,7.9,1.4,0,7.2,0.7,139,3,13.4,9.3
2009,Ohio,0.2,18.9,33.2,18.2,9.7,7,3.9,5.9,3,1450,3,16.5,11.4
2009,Oklahoma,1.5,16,31.9,24.1,12.9,5.7,2.9,4,1,1562,2,14.7,12.1
2009,Oregon,0.3,28,31.4,16.6,10.6,6,2.6,3.8,0.7,1091,10,13.2,10
2009,Pennsylvania,0.9,37.2,32.4,14.8,7,3.2,1.7,2.3,0.7,2203,40,10.7,8
2009,Rhode Island,60.1,20.3,6.6,3.3,3.7,2.2,0.4,2.2,1.1,271,1,5.1,0
2009,South Carolina,1.8,20.9,40.2,16.3,7.5,7.3,2,3.5,0.6,508,5,13,9.7
2009,South Dakota,0.6,11.4,28.7,19.8,20.4,5.4,4.2,6.6,3,167,0,17.9,15.2
2009,Tennessee,16.9,51.6,16.9,8.6,3.3,0.6,0.7,1,0.4,995,6,6.1,3.2
2009,Texas,0,15.3,30.4,21.4,13.6,7.5,4.2,5.9,1.7,4926,50,16.8,12.9
2009,Utah,5.2,53.4,27.3,7.8,1.4,2.4,0.6,1.2,0.6,498,4,7.5,5
2009,Vermont,0.6,48.7,32.1,12.8,1.9,0,1.9,1.9,0,156,0,8.2,6.3
2009,Virginia,0.2,9.3,30.7,23,14,6.9,4.9,9,2,635,28,18.6,14
2009,Washington,1.4,20.4,32.7,20.2,10.4,6.3,3.6,4.3,0.8,1518,116,14.2,11.1
2009,West Virginia,0,2.4,29.6,32.5,15.5,9.8,5.7,3,1.5,541,0,17.7,14.5
2009,Wisconsin,1.7,49.4,31.4,9.5,3.8,2.1,0.8,0.9,0.4,765,4,8,5.9
2009,Wyoming,26.3,36.8,23.7,7.9,2.6,0,0,1.3,1.3,76,0,6.5,4.2
2009,Puerto Rico,18.1,13,18.7,12.4,8.8,5.2,4.7,7.3,11.9,193,9,23.8,12.2
2009,Total,2.5,23.1,32.8,18.3,9.6,5.1,2.9,4.1,1.6,55833,1352,14,10.2
2008,Alabama,0,10.6,28.1,20.6,16.3,6.1,7.5,6.8,4.1,442,0,19.6,14.8
2008,Alaska,21.8,24.1,16.2,14.3,8.6,6.4,2.6,2.6,3.4,266,3,12.6,8.1
2008,Arizona,0.1,17.8,46.3,18.2,9.4,3.6,2.4,2,0.2,1677,18,12.2,9.9
2008,Arkansas,0.4,14.7,31.5,23.7,18.5,4.6,2.2,2.2,2.2,502,3,15.7,13.1
2008,California,0.2,18.1,38.7,21.6,10.2,5.1,2.1,3,1.1,7761,16,13.9,10.9
2008,Colorado,0.4,27.7,27.1,19.2,9.4,6.8,3,5.1,1.3,992,13,14.4,10.7
2008,Connecticut,1.8,37,34.1,13.2,5.4,3.4,1.4,1.6,2.2,740,32,11.4,7.3
2008,Delaware,0,41.4,27.9,15.3,7.2,2.7,0,4.5,0.9,111,0,11.2,8.3
2008,District of Columbia,8,42.5,21.2,16.8,4.4,0.9,3.5,0,2.7,113,0,10,5.9
2008,Florida,1.2,37.5,32.2,13.6,6.2,2.7,2.1,2.9,1.6,3785,85,11.4,7.7
2008,Georgia,1.8,29.1,31.3,16,9.1,5,2.7,3.2,1.9,1279,61,13.3,9.1
2008,Hawaii,4.5,29.7,32.9,12.3,4.5,7.1,3.5,4.5,1,310,6,13,8.9
2008,Idaho,0,10.2,25.4,31.4,15.7,5.5,3,8.1,0.8,236,0,17.8,14.3
2008,Illinois,4.7,11.1,40.4,19.1,9.7,5.6,3.1,4.7,1.8,1472,0,14.8,11
2008,Indiana,8.7,25.7,27.3,17.3,9.5,3.1,3.4,3.9,1,1468,33,12.4,9.2
2008,Iowa,0.2,39.6,37.7,12,4.6,1.7,1.7,1.4,1.2,1003,38,10.3,7
2008,Kansas,1.7,9.9,30.1,20.7,16.6,9.2,3.1,5.9,2.8,715,6,17.9,14
2008,Kentucky,0.1,29.8,33.8,16.8,6.6,5.2,3.6,3.2,0.8,772,0,12.6,9.1
2008,Louisiana,0.5,13.3,40.8,22.8,10.9,3.2,4.2,3.2,1.2,596,0,14.4,11.3
2008,Maine,0,11.7,38.2,21.8,9.5,5,4.7,6,3.2,317,5,17,12.1
2008,Maryland,1.6,38.3,32.1,12.4,7.3,1,0.5,2.1,4.7,193,417,12.7,7.8
2008,Massachusetts,0.1,25.4,29.6,17.9,12.7,4.4,3.9,4.6,1.4,700,12,14.7,11
2008,Michigan,0.2,6.7,33.1,25.1,14.2,8.6,3.7,5.1,3.3,2731,0,18.5,14
2008,Minnesota,0.5,6,37.8,26.6,12.9,6.4,3.8,4.3,1.7,785,0,16.7,12.7
2008,Mississippi,0.7,29.9,40.6,13.2,7.1,4.3,1.4,2.1,0.7,281,0,11.3,7.9
2008,Missouri,21.5,36.6,20.7,8.3,5.2,2.1,1.4,2.7,1.5,859,14,9,4.5
2008,Montana,4.5,23.6,29.8,21.5,8.7,4.5,1.2,3.3,2.9,242,0,14,9.9
2008,Nebraska,13.6,31,27.7,13.6,6.4,2.3,1,2.9,1.4,513,7,10.3,6.9
2008,Nevada,0.2,8.7,26,27.3,15.8,10.4,5.5,5.1,0.9,469,1,18,14.9
2008,New Hampshire,7.2,41,32.5,8.4,3,2.4,0.6,3.6,1.2,166,1,9.4,6.1
2008,New Jersey,3.4,22.1,27.6,11.6,10.9,6.2,3.2,9.5,5.4,1083,182,18.5,11
2008,New Mexico,1.2,26.7,34.7,18,11,4.7,2.1,0.9,0.7,427,0,11.9,9
2008,New York,0.2,12.9,29.7,20.9,12.8,7.7,4.9,6.3,4.7,2344,50,19.7,13.8
2008,North Carolina,2.1,33.7,31.7,16.2,6.7,4.4,1.9,2.4,0.8,1693,1,11.3,8
2008,North Dakota,0.6,17.4,53.5,12.9,5.2,5.2,3.2,1.3,0.6,155,4,11.8,8.6
2008,Ohio,0.2,16.7,29.3,20.9,11.1,6.4,4.8,7.1,3.4,1609,29,18.4,12.8
2008,Oklahoma,2.1,20.5,29.6,24.5,10.7,5.7,2.5,3.4,1.1,1509,7,14.1,11.6
2008,Oregon,0.5,28.7,26.1,22.8,9.7,6.1,1.6,3.4,1.1,1037,13,13.3,10.5
2008,Pennsylvania,0.6,35.2,32.4,16.2,7.5,3.2,1.7,2.3,0.9,2088,2,11.2,8.3
2008,Rhode Island,56,25.5,5.8,2.3,2.7,1.2,3.5,1.9,1.2,259,1,5.2,0
2008,South Carolina,3.6,16.4,35,17.1,10.9,6.7,1.7,6.7,1.9,525,0,15.7,11
2008,South Dakota,0.6,6.8,25,23.3,18.2,13.1,3.4,6.3,3.4,176,0,20.1,17.1
2008,Tennessee,16.3,51.5,17.3,7.6,1.9,1.2,1.8,1.7,0.7,1039,7,6.8,3
2008,Texas,0.1,17.1,29.8,20.4,13.5,7.8,3.4,5.9,2,4444,82,16.7,12.5
2008,Utah,6.5,54,26.7,5.8,3.2,0.7,1.3,0.9,0.7,535,1,7.2,4.8
2008,Vermont,0.5,49.5,33.5,7.7,2.2,1.6,1.6,3.3,0,182,0,8.6,6
2008,Virginia,0,11,26.8,25.9,14.4,8.1,4,7.5,2.1,652,12,18.2,14.5
2008,Washington,0.1,19.9,35.3,21.5,11.4,4.2,2.6,4,1.1,1258,3,14,10.7
2008,West Virginia,0.2,2.9,31.3,34.2,14.8,7.7,4.8,2.5,1.5,520,3,17.4,14.5
2008,Wisconsin,1.5,51.9,27.8,12.8,2.3,1.3,0.3,1.5,0.6,711,11,8.1,5.5
2008,Wyoming,46.9,30.9,13.6,1.2,4.9,2.5,0,0,0,81,3,3.8,1.3
2008,Puerto Rico,14,18.7,17.3,18,7.3,8,3.3,9.3,4,150,2,17.4,11.9
2007,Alabama,0.6,16.2,23.2,17.7,18.8,4.6,4.9,8.7,5.2,345,4,20.1,15
2007,Alaska,19.1,31.9,20.3,12.4,11.6,1.6,1.2,1.6,0.4,251,3,9,5.9
2007,Arizona,0.1,14.4,43.7,23,10.5,3.8,1.7,2.1,0.7,1612,40,13.1,10.7
2007,Arkansas,2,16.2,28.9,18.9,18.4,6,3.7,5.7,0.2,402,2,15.5,12.7
2007,California,0.2,18.7,38.4,22.4,9.4,4.3,2.3,3,1.2,7597,25,13.7,10.7
2007,Colorado,0.6,27.7,32,17.4,9.3,4.2,3,4.9,0.8,1083,1,13.3,9.8
2007,Connecticut,2.2,38.6,35,10.7,5,2.5,1.3,2.7,1.9,674,43,11.3,7.1
2007,Delaware,0.8,36.4,29.7,16.9,6.8,5.1,1.7,0.8,1.7,118,0,11.6,9.1
2007,District of Columbia,5.3,34.2,23.7,17.1,11.2,5.3,0.7,2.6,0,152,0,11.2,8.5
2007,Florida,1,37.5,28.1,15.1,6.4,3.7,2.3,3.8,2.1,3020,69,12.4,8
2007,Georgia,0.3,24,33.1,19.2,11.1,3.6,3.3,3.7,1.6,1263,6,13.8,10.2
2007,Hawaii,3.1,23,30.5,14.1,11.3,9,1.2,6.3,1.6,256,9,15.7,11.5
2007,Idaho,0.5,10.8,44.1,24.6,6.7,5.6,2.6,3.6,1.5,195,0,15.2,11.4
2007,Illinois,5,14.5,34.8,19.3,10.7,7,2.7,4.1,1.9,1510,6,14.8,11.3
2007,Indiana,9.3,23.2,30,17,9.2,4.1,3.3,3.5,0.4,1278,18,12,9.3
2007,Iowa,0.3,32.4,41,15.1,5.3,2.6,1.2,1.2,1.1,1023,37,10.7,7.9
2007,Kansas,1,12.5,30.7,22.5,13.4,9.1,3.1,5.4,2.4,783,6,17,13.2
2007,Kentucky,0,35.5,32.1,14.5,6.7,3.6,3.2,3.3,1,688,1,11.9,8
2007,Louisiana,1.4,16.2,46.4,17.6,8,5.2,1.4,2.6,1.4,427,1,13,10.2
2007,Maine,0.6,11.8,25.5,22.7,16.1,6.4,5.8,5.8,5.5,330,2,20.4,14.2
2007,Maryland,3.6,52.9,20,8.6,2.9,4.3,0,4.3,3.6,140,322,11.2,5.2
2007,Massachusetts,0.9,26.1,29.9,14.6,9.5,4.8,3.9,7.9,2.3,786,8,15.6,10.2
2007,Michigan,0.2,7.9,34.6,25.6,12.4,6.3,3.4,6.8,2.8,2617,0,18.2,13.3
2007,Minnesota,0.5,8.5,36.2,27.1,9.9,5.9,3.7,6.2,2,597,2,17.6,13.2
2007,Mississippi,2.7,38.6,31.5,9.5,5.1,5.8,1.7,5.1,0,295,0,10.9,6.8
2007,Missouri,28,30,20,9.9,3.4,1.2,1,3.1,3.3,1147,2,10,4.3
2007,Montana,14.6,30.5,22.4,10.6,9.8,3.7,2.4,3.3,2.8,246,0,13.1,6.4
2007,Nebraska,8.1,22.4,34.2,13.9,9.5,3.9,2.5,3.9,1.7,483,13,13,9.4
2007,Nevada,0.2,14.2,29.6,20.8,17.9,7.7,2.7,4.6,2.2,452,7,17.1,13.7
2007,New Hampshire,5.2,32.6,30.4,14.8,9.6,2.2,1.5,2.2,1.5,135,6,11.3,7.7
2007,New Jersey,0.5,12.9,26.2,18.9,13.8,9.4,4.8,8.4,5.2,1525,39,20.3,14.8
2007,New Mexico,1.7,31.3,33.5,16.9,6.5,6.2,1.4,1.1,1.4,355,0,11.6,8.2
2007,New York,0.3,15,28.6,19.4,13.1,7.5,5.1,7.7,3.2,2426,62,18.9,13.4
2007,North Carolina,1.8,38.1,32.5,13.6,7,2.1,1.8,1.9,1.2,1520,1,10.6,7.2
2007,North Dakota,0,21.8,33.1,27.4,8.1,3.2,0,4,2.4,124,1,13.8,11.6
2007,Ohio,0.4,20.3,31.3,16.3,9.3,6.8,4.6,6.6,4.4,1746,33,18.5,11.7
2007,Oklahoma,2.7,19.2,34.7,22.1,10.9,3,2.9,2.9,1.6,1266,5,13.7,10.8
2007,Oregon,2.7,33.7,26.9,17.5,9.2,3.8,1.9,3.5,1,1013,3,11.9,8.7
2007,Pennsylvania,1.2,36.4,32.1,16.3,6.3,3,1.2,2.1,1.4,1911,29,11.1,7.9
2007,Rhode Island,51.5,26.2,5.9,4.6,5.9,2.5,0.8,1.3,1.3,237,2,5.7,0.2
2007,South Carolina,2.4,11.1,37.7,21.9,11.8,6.8,3.1,3.8,1.4,424,7,15,11.7
2007,South Dakota,0,4.4,16.9,28.1,23.8,11.9,9.4,5,0.6,160,0,20.1,18.7
2007,Tennessee,19.6,48.9,14.9,6.4,4.2,1.9,1.4,1.7,0.9,1212,2,7.1,3
2007,Texas,0.1,20.5,29.1,23,11.5,6.2,3.2,4.4,2,3946,76,15.5,12.1
2007,Utah,6,66.2,18.8,2.6,2.4,2,0.4,0.7,0.9,453,1,6.3,3.7
2007,Vermont,1,38.1,39.1,13.2,3.6,1.5,1,1.5,1,197,2,9.7,7.1
2007,Virginia,0.2,10.9,27.2,24,14.4,9.5,4.7,6,3.2,633,47,19.1,15
2007,Washington,0.4,23.9,34,16.1,10.4,5.4,3.8,4.5,1.6,1287,4,14.3,10
2007,West Virginia,0,3.7,32.6,32.3,16.2,7.7,1.2,4.2,2,402,1,18.1,15
2007,Wisconsin,1.5,49.1,26.9,11.3,6.5,1.8,1.1,1.4,0.4,725,9,8.8,5.9
2007,Wyoming,21.4,44.3,24.3,4.3,4.3,1.4,0,0,0,70,3,5.4,4.1
2007,Puerto Rico,13,19.8,26,14.1,10.2,2.8,2.8,7.9,3.4,177,3,14.8,8.3
